"id","title","score": post.score,"content","url","subreddit","tickers"1glxb4g,For everyone that missed bitcoin and all the other stocks that rose. ,0,"It has to drop‚Ä¶right (please drop)?

Anyways, this is a quick speculative rally: Overvaluation ‚Äî> correction expectations ‚Äî> or just feedback loop of selling/price

And then the article. I‚Äôm guessing some of you have already seen it. It mentions a tweet of someone saying they‚Äôre expecting a ‚Äútumble.‚Äù Elon Musk replies, ‚ÄúSounds about right.‚Äù 

Thoughts?",https://www.fastcompany.com/91220386/some-temporary-hardship-elon-musk-admits-plan-with-trump-harm-economy,wallstreetbets,I
1glx93k,Who else is broke and missed out on this?,0,"I've lost 11K, have nothing left and missed out on this, is there anyone else like me? it'll make me feel better cuz I'm about to k1ll myself",https://www.reddit.com/r/wallstreetbets/comments/1glx93k/who_else_is_broke_and_missed_out_on_this/,wallstreetbets,I
1glx7j4,"$TOST is probably something that will have boring earnings, but I'm going to play it anyway.",1,"I'm not one for long, drawn-out DD's with oodles of scribbles on graphs, so here's the quick and dirty:

* $TOST is currently at an RSI of \~67, so it's almost overbought - but not quite yet.
* $TOST only started getting profitable last quarter, so there's a high expectation for that to continue, and I think they will. Summer and fall are the most popular times for newer restaurants to open.
* $TOST has broken through resistance of $32.35 today, and a close over this number is a strong indication that we will continue in an upward trend even with ""just ok"" earnings.

I'm not expecting much if $TOST beats earnings - maybe a healthy 5%-8% pop and a continual push tomorrow. If it's an earning miss, then we're likely looking at a similar fall of 5%, but I feel it will still add some recovery on Friday/Monday. Price target of $34-$35 after earnings, and if earnings are good, $42-$44 by EOY.

My position is 500 shares @ $31.94 and 5 Jan 17 calls @ $3.70

https://preview.redd.it/rvra2t3ktizd1.jpg?width=639&format=pjpg&auto=webp&s=db9d67627c551bd806293b6518f41aab35c1ebca

Lazy DD? Yeah. Do I care? No. I'm just looking to make a few extra bucks tonight.",https://www.reddit.com/r/wallstreetbets/comments/1glx7j4/tost_is_probably_something_that_will_have_boring/,wallstreetbets,"RSI, EOY, I, TOST, DD"
1glx6uj,"Stock Option Questions, help",1,"
The company I work for got bought out by PFGC. I now have the choice to by stock options at a 15% discount at 1%-15% of my POST TAX income. I believe this is replacing my current 401k program which I currently have maxed out. All my extra income goes into a brokerage account for SPY (I know I should get a ROTH IRA, I‚Äôll do it one day‚Ä¶maybe?). I‚Äôm just a normal wagie, I made some stock picks in the past before, some winners, mostly losers. I‚Äôm smart enough to know I‚Äôm not smart in stock picks.

My question is:
Do I take advantage of the stock options program? Do I max out the contribution rate?
Everything I‚Äôve learned so far talks about SPY and VOO being the smart investment, never had an option for options, and I have to make a decision in the next week or two. 

Any insight would be much appreciated. Thank you ",https://www.reddit.com/r/investing/comments/1glx6uj/stock_option_questions_help/,investing,"ROTH, SPY, PFGC, I, VOO, IRA, TAX, POST"
1glx0r0,Have 30% of my portfolio in a front loaded mutual fund and want to reallocate it.,1,I'm 62 years old with a fair portfolio ($900K). When I started investing many years ago I was steered towards a front load mutual fund (TVAFX). Over the years with reinvesting all dividends it has done OK but it is about 30% of my portfolio.  I am thinking about converting it to ETF's. At my age any suggestions on the reallocation mix? This is inside a traditional IRA.,https://www.reddit.com/r/investing/comments/1glx0r0/have_30_of_my_portfolio_in_a_front_loaded_mutual/,investing,"TVAFX, ETF, OK, I, IRA"
1glx0hv,Which Stocks Under $40-$50 Are Set to Grow After Trump‚Äôs Election Win?,0,"With Trump‚Äôs recent election victory, I‚Äôm re-evaluating my investment strategy and looking for opportunities. Specifically, I‚Äôm interested in stocks priced under $40-$50 that are likely to benefit in the coming months under his administration.

Which  stocks do you believe could see significant growth now that Trump is in office? Any thoughts or advice on positioning a portfolio to take advantage of this would be really helpful.

Thanks in advance for sharing your insights!",https://www.reddit.com/r/stocks/comments/1glx0hv/which_stocks_under_4050_are_set_to_grow_after/,stocks,I
1glwvks,Why does VXUS suck so Much?,0,"I have been doing the 75/25 VTI/VXUS in one account and VT (60/40) in the other.

I know I have severe recency bias  but  this thing just does not move.  I know there might be a year coming where it outperforms VTI but thinking of doing all VTI in the 75/25 account. 

Does anyone actually think VXUS could go on a SPY/VTI like run in the next decade?

  
Some ugly names on the portfolio holdings, but also biased to US",https://www.reddit.com/r/investing/comments/1glwvks/why_does_vxus_suck_so_much/,investing,"US, VXUS, VT, I, VTI, SPY"
1glwtcp,QC stocks: will a winner emerge or all can benefit?,1,"For example - small cap players

- Qubt
- Ionq
- Qbts
- Rgti

All employee different QC hardware/software and technique I believe.  All have patents for their specific hardware/software/operation. 

All claim superiority in xyz applications. 

I have read some QC systems are better for telecommunications or sensors or medical etc. But an average person like myself would have no clue how to authenticate/validate these statements .

Recently QBTS, announced a 4400 + qudbit processor that could very well be the most powerful of its kind.  Or they state that it is.   

These smaller companies also have to race against big players like IBM, Google, Nvidia CudaQ etc. who have deeper pockets to work with.

>Question:  is this an experiemental period and eventually one or two clear leaders will emerge? 
Or due to potential demand by government, schools, institutions and companies for QC - there will be more than enough business to go around?

>Question 2:  Would QC in due time be considered stiff competition against companies like PLTR and other AI software?

Thoughts?",https://www.reddit.com/r/investing/comments/1glwtcp/qc_stocks_will_a_winner_emerge_or_all_can_benefit/,investing,"QC, QBTS, PLTR, AI, I, IBM"
1glwppz,QC stocks: will a winner emerge or all can benefit? ,2,"For example - small cap players

- Qubt
- Ionq
- Qbts
- Rgti

All employee different QC hardware/software and technique I believe.  All have patents for their specific hardware/software/operation. 

All claim superiority in xyz applications. 

I have read some QC systems are better for telecommunications or sensors or medical etc. But an average person like myself would have no clue how to authenticate/validate these statements .

Recently QBTS, announced a 4400 + qudbit processor that could very well be the most powerful of its kind.  Or they state that it is.   

These smaller companies also have to race against big players like IBM, Google, Nvidia CudaQ etc. who have deeper pockets to work with.

>Question:  is this an experiemental period and eventually one or two clear leaders will emerge? 
Or due to potential demand by government, schools, institutions and companies for QC - there will be more than enough business to go around?

>Question 2:  Would QC in due time be considered stiff competition against companies like **PLTR and other AI software**?

Thoughts?",https://www.reddit.com/r/stocks/comments/1glwppz/qc_stocks_will_a_winner_emerge_or_all_can_benefit/,stocks,"QC, QBTS, PLTR, AI, I, IBM"
1glwl2s,When to invest in s&p 500?,0,"I'm a student and recently started investing. I am putting around 150e/month + any extra income into the s&p 500  and I plan to keep it till the end of my studies (5ish years). 

  
Since trump won, the market has reached an all time high and I was wondering what are the chances that it will still be in the green 5 years from now? I don't really need a high APY, just something to go with the inflation at least, of course, if I can get a higher APY safely then I would do that.

  
Should I diversify? Should I DCA? Should I wait for the market to fall? Should I just buy it and close the app?

  
Thanks in advance,",https://www.reddit.com/r/investing/comments/1glwl2s/when_to_invest_in_sp_500/,investing,"APY, I, DCA"
1glw6z4,What software or websites do you use for charts and live updates?,3,"Im juts going to get straight to the point. I see so many people talking about strategies and the books also talk of similar concepts. However when it comes to actually applying analysis and monitoring the stock market, how do I even do that? Is there like a specific website or software people use to see the stock market or analyze the graphs or trends? I‚Äôve seen people showing examples with charts, but where are they even getting it? Im just so lost‚Ä¶ Any help or specific resources would be greatly appreciated.",https://www.reddit.com/r/investing/comments/1glw6z4/what_software_or_websites_do_you_use_for_charts/,investing,I
1glvld4,How to hedge against across-the-board tariffs?,1,"My investing strategy in my 40s has been S&P 500 ETFs and hold on until retirement.  I suspect that might work for a few more months until the ""find out"" part of Trump's tariff ideas hit us.  Thankfully we've not had a president try anything like that in the modern era, and maybe someone smarter will tell Trump how everyone will say he's the greatest president ever for doing something else instead that actually makes sense.  I expect those people are all gone this round though...  So what sort of assets do I need to be in?  I expect the stock market is going to be too volatile to pick winners and losers.  Cash is completely non-viable.  Bonds, crypto, gold I've never explored.  Real estate?  Standard caliber ammunition and canned goods?",https://www.reddit.com/r/investing/comments/1glvld4/how_to_hedge_against_acrosstheboard_tariffs/,investing,"S, P, I"
1glv4qy,Fidelity Roth IRA ‚ÄúCash Available To Trade‚Äù,0,"Hey everyone! I have a question about Fidelity‚Äôs Roth IRA. So I‚Äôve contributed the max amount for 2024 in my Roth IRA, when I look in my account I have ‚Äúx‚Äù amount of $ as ‚Äúcash available to withdraw‚Äù. 

In this account, 100% of it is in VOO. Are these dividends? Am I able to transfer that money into an individual account so it can get invested? When I go to transfer it from ROTH to individual it sends me to a screen to select the amount of ‚Äútax withholding‚Äù which is defaulted to 0. Will I get hit with penalties for transferring this money so it‚Äôs not just sitting there?

Thank you in advance!",https://www.reddit.com/r/investing/comments/1glv4qy/fidelity_roth_ira_cash_available_to_trade/,investing,"IRA, ROTH, I, VOO"
1gluz6a,I have gone insane,19,Since i Love trump and Trump loves oil i have decided to risk 75% of my portfolio of PBR earning reports tomorrow. Have i gone insane the answer is YES,https://i.redd.it/dqls4km8eizd1.jpeg,wallstreetbets,"I, PBR, YES"
1glurhn,Advice on my retirement account.,0,Thinking about retiring and currently have my IRA to rely on. I moved over all my assets to a gold fund after the Biden/Trump debate and did well. Just moved everything into a higher stock funded portfolio to take advantage of power transfer. Looking for a safe portfolio to park my funds to minimize the major ups and downs that would effect my money as I age.,https://www.reddit.com/r/investing/comments/1glurhn/advice_on_my_retirement_account/,investing,"IRA, I"
1gluafx,Strategy Question - HODL vs BuyAndReinvest ,0,"Hi all,

I'm new to trading and had a question on the strategy of trading. The buy and hold method seems to work and I understand that it works LT and if you had lot of capital then even better. The context is what if you only have USD 10K?

If you were to buy and hold the 10k you're portfolio would basically follow the stock price. Pretty straightforward.

But what if you sell when it drops a certain level and buy when it increases a certain level. Say -5% & +10% rule. Here's the catch, you don't sell and buy the whole portfolio you sell just the part that you gained and ""reinvest"". Just thinking about it wouldn't this foster a compounding environment for the portfolio?

Or is my logic complete bullocks?",https://www.reddit.com/r/investing/comments/1gluafx/strategy_question_hodl_vs_buyandreinvest/,investing,"LT, USD, HODL, I"
1gltn2h,Thanks to the TSLA gain of 1937%,366,"I made a bold decision 3 days ago. Every price jump has tugged at the nerves, making one fearful of both missing out on more upside and pulling back on profits. My heart is beating like crazy and I feel an overwhelming sense of excitement and accomplishment",https://i.redd.it/n6wexxkb4izd1.jpeg,wallstreetbets,"TSLA, I"
1gltlvx,Anthropic teams up with Palantir and AWS to sell AI to defense customers,10,"""Anthropic on Thursday said it is teaming up with data analytics firm Palantir and Amazon Web Services (AWS) to provide U.S. intelligence and defense agencies access to Anthropic‚Äôs Claude family of AI models.

‚ÄúWe‚Äôre proud to be at the forefront of bringing responsible AI solutions to U.S. classified environments, enhancing analytical capabilities and operational efficiencies in vital government operations,‚Äù Jensen said. ‚ÄúAccess to Claude within Palantir on AWS will equip U.S. defense and intelligence organizations with powerful AI tools that can rapidly process and analyze vast amounts of complex data. This will dramatically improve intelligence analysis and enable officials in their decision-making processes, streamline resource intensive tasks and boost operational efficiency across departments.‚Äù

Source: https://techcrunch.com/2024/11/07/anthropic-teams-up-with-palantir-and-aws-to-sell-its-ai-to-defense-customers/",https://www.reddit.com/r/wallstreetbets/comments/1gltlvx/anthropic_teams_up_with_palantir_and_aws_to_sell/,wallstreetbets,"S, AWS, U, AI"
1glth61,Wendy‚Äôs Bets on Palantir AI to Keep Up With $1 Frosty Demand,171,,https://www.bloomberg.com/news/articles/2024-11-07/wendy-s-wen-1-frosty-deal-made-easier-with-ai-from-palantir-pltr,wallstreetbets,AI
1glt1qi,Nvda - 1.2k to 14k on shares - 1000%. Take profits?,113,Got 20 and sold half when it went around 500$ pre split. Should i sell or ride these ? ,https://www.reddit.com/gallery/1glt1qi,wallstreetbets,
1glssh7,AppLovin Stock Soars As Software Firm Crushes Q3 Targets,7,"""App marketing platform AppLovin (APP) late Wednesday crushed Wall Street's estimates for the third quarter. AppLovin stock surged to record heights in extended trading.

The Palo Alto, Calif.-based company earned $1.25 a share on sales of $1.2 billion in the September quarter. Analysts polled by FactSet had expected earnings of 92 cents a share on sales of $1.13 billion. In the year-earlier period, AppLovin earned 30 cents a share on sales of $864 million.

AppLovin's software platform enables app developers to market, monetize and analyze their apps. The company also makes mobile games such as ""Wordscapes,"" ""Matchington Mansion"" and ""Game of War.""

""We had another fantastic quarter in Q3,"" Chief Executive Adam Foroughi and Chief Financial Officer Matt Stumpf said in a shareholder letter.

""Our Axon models continue to improve through self-learning and, more importantly this quarter, from technology enhancements by our engineering team,"" they said. ""As we continue to improve our models, our advertising partners are able to successfully spend at a greater scale. We're proud to be a catalyst to reinvigorating growth in our industry.""

AppLovin's Axon technology facilitates matchmaking between advertisers and publishers.

Source: https://www.investors.com/news/technology/applovin-stock-app-q3-2024-earnings/",https://www.reddit.com/r/stocks/comments/1glssh7/applovin_stock_soars_as_software_firm_crushes_q3/,stocks,APP
1glsa24,Department of Navy Set to Award $920M Sole-Source Contract to Palantir for Advanced Defense Software Solutions üö® $PLTR,74,"The Department of the Navy, Naval Information Warfare Center, Pacific (NIWC Pacific), has issued a Notice of Intent to award a sole-source contract to Palantir Technologies for commercial off-the-shelf software products and services. Here are the key details:

* **Contract Number**: N66001-25-R-0009
* **Contract Type**: Indefinite Delivery/Indefinite Quantity (IDIQ) with firm-fixed pricing
* **Contract Duration**: Five-year base period with a five-year option, totaling up to 10 years
* **Estimated Value**: $919.78 million, including options
* **Scope**: Covers software licenses (perpetual and subscription), software maintenance and support, professional services, hardware, and hardware support
* **Primary Justification**: Only one responsible source as per FAR 6.302-1(a)(1) (10 U.S.C. 2304(c)(1))
* **Estimated Award Date**: January 2025
[.](https://imgur.com/a/6qDBsT4)

Source: - [https://sam.gov/opp/462a1d9ed13244e2a7089b4308216aa7/view#description](https://sam.gov/opp/462a1d9ed13244e2a7089b4308216aa7/view#description)",https://www.reddit.com/r/wallstreetbets/comments/1glsa24/department_of_navy_set_to_award_920m_solesource/,wallstreetbets,"C, R, PLTR, U, S, NIWC, IDIQ, FAR"
1glrz84,üöÄ ACHR on the Rise: +7% Today and New Partnership with Japan Airlines üöÄ,362,"**TL;DR:** Archer Aviation (ACHR) is up 6% today, boosted by a new partnership with Japan Airlines and Sumitomo Corporation. This collaboration includes plans to purchase up to **$500 million worth of Archer's electric aircraft**, marking a significant step in the eVTOL space. Combined with a solid U.S. Air Force contract and ongoing milestones, ACHR is positioning itself as a key player in urban air mobility.

**Why the New Japan Deal Matters**

Archer's partnership with Japan Airlines and Sumitomo Corporation provides a foothold in the Japanese market, which is investing heavily in sustainable urban transport. Sumitomo's expertise in energy and infrastructure, along with Japan Airlines' support for eVTOL deployment, could accelerate Archer's international expansion. Japan's leadership in urban air mobility makes this deal a strategic move for Archer.

**Price Action and Potential Short Squeeze**

ACHR's 6% gain today aligns with this significant news. With **26% short interest**, the stock has potential for further movement if momentum continues. Past announcements have driven volume spikes, and today's developments could signal more to come.

**Key Graphs to Watch**

* **Price and Short Interest Over Time:** Shows ACHR‚Äôs price history alongside high short interest. With today‚Äôs price boost, shorts could start feeling the pressure.
* **Volume Spikes on Key Events:** Major news like the NASA and Air Force partnerships drove volume spikes, and this Japan Airlines partnership could do the same.
* **Peer Comparison:** ACHR is making moves not just in the U.S. but globally, positioning itself against other eVTOL players like Joby and Lilium. Today‚Äôs price gain helps them stand out in the sector.
* **Insider Buys and Sells:** Recent insider activity shows some confidence from within, and monitoring these transactions could offer insight into where ACHR is headed.

**Final Thoughts**

Archer is building momentum in the eVTOL space with international partnerships, key U.S. contracts, and a strategy to be an early leader. It‚Äôs a speculative play, no doubt, but today‚Äôs price action, high short interest, and new Japan partnership give it potential in both the short and long term.

*(Not financial advice - do your own DD, but this could be one to keep on the radar!)*",https://www.reddit.com/r/wallstreetbets/comments/1glrz84/achr_on_the_rise_7_today_and_new_partnership_with/,wallstreetbets,"ACHR, U, TL, DR, S, NASA, DD"
1glrz1k,VST earnings gains ,4,"Threw my last $300 at the stock that fucked me a few weeks back for their earnings announced this morning. 1,060% gain. ",https://www.reddit.com/gallery/1glrz1k,wallstreetbets,VST
1glruc3,"$ACHR: An agreement has been reached with Japan Airlines & its joint venture, to Buy Up to $500M Electric Aircraft",376,,https://www.businesswire.com/news/home/20241107033638/en/Japan-Airlines%E2%80%99-and-Sumitomo-Corporation%E2%80%99s-Joint-Venture-Company-Soracle-Announces-Agreement-Including-Intended-Purchase-Of-Up-To-500M-of-Electric-Aircraft-From-Archer,wallstreetbets,ACHR
1glrtow,BROS GAINS,37,"Was down by as much as 60%-80% at one point, BUT I FUCKING HELD STRONG. Never doubt never give up.",https://www.reddit.com/gallery/1glrtow,wallstreetbets,"BUT, I, GAINS, BROS, HELD"
1glrnip,Selling Contracts post election,0,"So, I bet wrong on the election and am now holding contracts on the candidate that lost. I seem to be able to sell them now for a couple of cents if I want to.

Why are the contracts worth anything at this point and is there any reason not to try to at least get a few bucks back?",https://www.reddit.com/r/investing/comments/1glrnip/selling_contracts_post_election/,investing,I
1glrdiu,"
AI Giants Poised for Unprecedented Growth: Palantir and NVIDIA Set to Soar 2025, As education systems worldwide grapple with funding",11,"from the article - However, the implications of AI extend far beyond corporate growth. As education systems worldwide grapple with funding challenges, AI emerges as a powerful tool to bridge gaps and enhance learning experiences. AI-driven educational tools, such as virtual tutoring and adaptive learning platforms, can help mitigate the effects of under funding by providing personalized assistance and adjusting to individual learning styles.

[https://www.newsreport47.com/home/ai-giants-poised-for-unprecedented-growth-palantir-and-nvidia-set-to-soar-2025](https://www.newsreport47.com/home/ai-giants-poised-for-unprecedented-growth-palantir-and-nvidia-set-to-soar-2025)

  
My question is, is there money to be made by robots teaching our kids?",https://www.reddit.com/r/wallstreetbets/comments/1glrdiu/ai_giants_poised_for_unprecedented_growth/,wallstreetbets,AI
1glr1ha,Vanguard Reaches $40 Million Settlement in Target-Date Fund Lawsuit,81,"Anybody else get nailed by taxes a couple of years ago due to Vanguard's Target-Date Fund shenanigans? Here's some good news. They've reached a settlement agreement in the purported class-action lawsuit, per court filings. It's still subject to court approval.

[ps://www.barrons.com/advisor/articles/vanguard-target-date-fund-lawsuit-settlement-55ad90d6](https://www.barrons.com/advisor/articles/vanguard-target-date-fund-lawsuit-settlement-55ad90d6)

Article is paywalled, so I'll copy & paste it in the comments.",https://www.reddit.com/r/investing/comments/1glr1ha/vanguard_reaches_40_million_settlement_in/,investing,I
1glqhsa,Today's Economic Calendar - Nov 7,40,,https://i.redd.it/xb1gypzzehzd1.png,wallstreetbets,
1gloo0w,Arbitrage between bonds with different coupon rates,0,"Hi, I was wondering about something. Say two bonds have same characteristics such as issuer, time to maturity, and risk, and the only difference is that bond A pays a 10% coupon rate while bond B pays a 1% coupon rate. You want to maximize the average return from your bond investment and plan to hold the bond until maturity, and you assume that interest rates won't change and that the yield curve is upward sloping. Is either of the bonds preferable in this case?",https://www.reddit.com/r/investing/comments/1gloo0w/arbitrage_between_bonds_with_different_coupon/,investing,"I, B, A"
1glonu8,Affirm is going to crush earnings,212,"I'm kind of surprised that no one has talked about this, given that they absolutely smoked earnings last time around. If you don't know what affirm is, it's basically just a buy now pay later function that's used by Amazon, Walmart, and as of September 6th, Apple Pay. You all have probably seen the stock slowly drifing higher into earnings, but I don't think it's going to end there. Affirm makes more money the more transactions that flow through their system. Given the recent partnership with Apple, I'm going to bet that a bunch of people have been using it more and more. Not to mention, what makes people want to use something like affirm more? A shitty economy and not having the money to afford everything at once. The CEO has indicated that he thinks they'll be profitable by 2025 and I'm guessing the guidance on the earnings call later today will be absolutely crazy given the new volume from Apple.

Currently long 11/8 $58 calls.",https://www.reddit.com/r/wallstreetbets/comments/1glonu8/affirm_is_going_to_crush_earnings/,wallstreetbets,"CEO, I, A"
1glnwq1,Is SXR8.DE on Google Finances? (To track on Google Sheets),1,"Hey. The question is simple. I like to keep track of my stocks on Google Sheets, however, my SP500 Index Fund seems to not be available on Google Finances (SXR8.DE). Is AMS:CSPX the most similar one and is SXR8.DE not available at all?",https://www.reddit.com/r/stocks/comments/1glnwq1/is_sxr8de_on_google_finances_to_track_on_google/,stocks,"AMS, DE, I, CSPX"
1glntq6,"Daily Discussion Thread for November 07, 2024",106,This post contains content not supported on old Reddit. [Click here to view the full post](https://sh.reddit.com/r/wallstreetbets/comments/1glntq6),https://www.reddit.com/r/wallstreetbets/comments/1glntq6/daily_discussion_thread_for_november_07_2024/,wallstreetbets,
1glnfzl,"r/Stocks Daily Discussion & Options Trading Thursday - Nov 07, 2024",23,"This is the daily discussion, so anything stocks related is fine, but the theme for today is on stock options, but if options aren't your thing then just ignore the theme.

Some helpful day to day links, including news:

* [Finviz](https://finviz.com/quote.ashx?t=spy) for charts, fundamentals, and aggregated news on individual stocks
* [Bloomberg market news](https://www.bloomberg.com/markets)
* StreetInsider news:
  * [Market Check](https://www.streetinsider.com/Market+Check) - Possibly why the market is doing what it's doing including sudden spikes/dips
  * [Reuters aggregated](https://www.streetinsider.com/Reuters) - Global news

-----

Required info to start understanding options:

* [Call option Investopedia video](https://www.investopedia.com/terms/c/calloption.asp) basically a call option allows you to buy 100 shares of a stock at a certain price (strike price), but without the obligation to buy
* [Put option Investopedia video](https://www.investopedia.com/terms/p/putoption.asp) a put option allows you to sell 100 shares of a stock at a certain price (strike price), but without the obligation to sell
* Writing options switches the obligation to you and you'll be forced to buy someone else's shares (writing puts) or sell your shares (writing calls)

See the following word cloud and click through for the wiki:

[Call option - Put option - Exercising an option - Strike price - ITM - OTM - ATM - Long options - Short options - Combo - Debit - Credit or Premium - Covered call - Naked - Debit call spread - Credit call spread - Strangle - Iron condor - Vertical debit spreads - Iron Fly](https://www.reddit.com/r/stocks/wiki/options-themed-post)

If you have a basic question, for example ""what is delta,"" then google ""investopedia delta"" and click the investopedia article on it; do this for everything until you have a more in depth question or just want to share what you learned.

See our past [daily discussions here.](https://www.reddit.com/r/stocks/search?q=author%3Aautomoderator+%22r%2Fstocks+daily+discussion%22&restrict_sr=on&sort=new&t=all)  Also links for:  [Technicals](https://www.reddit.com/r/stocks/search?q=author%3Aautomoderator+title%3Atechnicals&restrict_sr=on&include_over_18=on&sort=new&t=all) Tuesday, [Options Trading](https://www.reddit.com/r/stocks/search?q=author%3Aautomoderator+title%3Aoptions&restrict_sr=on&include_over_18=on&sort=new&t=all) Thursday, and [Fundamentals](https://www.reddit.com/r/stocks/search?q=author%3Aautomoderator+title%3Afundamentals&restrict_sr=on&include_over_18=on&sort=new&t=all) Friday.",https://www.reddit.com/r/stocks/comments/1glnfzl/rstocks_daily_discussion_options_trading_thursday/,stocks,"OTM, ATM, ITM"
1gln1qd,"Daily General Discussion and Advice Thread - November 07, 2024",3,"Have a general question?  Want to offer some commentary on markets?  Maybe you would just like to throw out a neat fact that doesn't warrant a self post?  Feel free to post here! 

Please consider consulting our FAQ first - https://www.reddit.com/r/investing/wiki/faq
And our [side bar](https://www.reddit.com/r/investing/about/sidebar) also has useful resources.  

If you are new to investing - please refer to Wiki - [Getting Started](https://www.reddit.com/r/investing/wiki/index/gettingstarted/)

The reading list in the wiki has a list of books ranging from light reading to advanced topics depending on your knowledge level. Link here - [Reading List](https://www.reddit.com/r/investing/wiki/readinglist)

The media list in the wiki has a list of reputable podcasts and videos - [Podcasts and Videos](https://www.reddit.com/r/investing/wiki/medialist)

If your question is ""I have $XXXXXXX, what do I do?"" or other ""advice for my personal situation"" questions, you should include relevant information, such as the following:

* How old are you? What country do you live in?  
* Are you employed/making income? How much?  
* What are your objectives with this money? (Buy a house? Retirement savings?)  
* What is your time horizon? Do you need this money next month? Next 20yrs?  
* What is your risk tolerance? (Do you mind risking it at blackjack or do you need to know its 100% safe?)  
* What are you current holdings? (Do you already have exposure to specific funds and sectors? Any other assets?)  
* Any big debts (include interest rate) or expenses?  
* And any other relevant financial information will be useful to give you a proper answer.  

Check the resources in the sidebar.

Be aware that these answers are just opinions of Redditors and should be used as a starting point for your research. You should strongly consider seeing a registered investment adviser if you need professional support before making any financial decisions!",https://www.reddit.com/r/investing/comments/1gln1qd/daily_general_discussion_and_advice_thread/,investing,"FAQ, I"
1glmw02,Core-satellite split between regular and retirement brokerages?,2,"I've been investing in global ETFs like S&P500 and MSCI ACWI so far. I would like to learn more about fundamental analysis and learn to pick companies more actively though. I thought I could make a small portfolio for my active investments (as a ""satellite""). One thing I wanted to sanity check with you: if for my passive investments I only make contributions and don't sell, and for my satellite portfolio I'd be more ""active"", is it reasonable to do the active part on a retirement account (note: not a US resident) where I don't get to pay any tax as long as I keep the money on this account till I'm 60?",https://www.reddit.com/r/investing/comments/1glmw02/coresatellite_split_between_regular_and/,investing,"MSCI, US, ACWI, I, S"
1glletv,ASML: Why I am giving up on the stock (for the short term),6,"ASML is a Netherlands based manufacturer of advanced semiconductor equipment systems. The company enjoys a wide moat as currently this is only company which can manufacture equipments to produce latest 3 NM AI chips.

ASML counts TSM, Samsung, SK Hynix, Intel and others as its customers.

However, demand for non AI semiconductor equipment systems has dropped significantly which prompted ASML to give lower guidance for the next quarter.

The stock was savagely beateb down and fell from 800+‚Ç¨ to 610‚Ç¨ at yesterday's closing.

Why I have given him on hope of revival of ASML fortunes in the short term?

Except for high end AI chips, rest of the chip industry is struggling to increase sales revenue and profits. In absence of increase in sales, the demand for new non-AI chip producing equipments will be very slow.

Only a sliver of the semi conductor industry [that includes NVDA] has order book full for next rwo quarters. But that demand may also taper in by mid 2025 as likes of Meta, Microsoft, Apple, Amazon, Tesla etc have their data centers and LLMs ready by then.

In absense of new demand for non-AI chips and expected slow down in AI chips, it is unlikely any foundary will place new orders for the ASML equipment [each machine is said to cost between 100 M$-300M$].

Revival in the fortunes of ASML depends on breakthrough in new chip designs which will make it neccessary to spend on new equipments. But that breakthrough may take a year or more [yes, it takes time to discover/invent new technologies & designs with sufficient advantage that merits an upgrade].

ASML stock fell below important psychological resistance of 618 ‚Ç¨ yesterday, while US tech sector roared to new heights. This weakness is fortunes of ASML is telling and may lead to further drop in price in coming days.

While ASML remains a strong company with a wide moat, but in the current cycle of the semi conductor industry it is unlikely to post strong results.

How to trade?

Buy 580 ‚Ç¨ PUTs with December 20th expiry.

Happy Trading! 

",https://i.redd.it/e1dm93dtqfzd1.jpeg,wallstreetbets,"M, US, NVDA, ASML, NM, SK, AI, I, TSM"
1glky2t,Been in BOIL for over a year. What should I do?,0,"I've put over 15k into BOIL and now it's worth only 5k. Whats the best exit strategy for me here?
I unfortunately just started doing research on BOlL cause it hadn't gone back up in over a year of me holding it. I now understand why you can't hold these leveraged ETF's long term. Should I just sell everything and take the 5k l have left? 

Why do they even allow you to buy things like this that will only go down? Also why in 2022 and 2023 did the ETF rebound and go to huge prices? I kept averaging down all year thinking it would go up this winter.",https://www.reddit.com/r/investing/comments/1glky2t/been_in_boil_for_over_a_year_what_should_i_do/,investing,"ETF, I, BOIL"
1glkjde,I believe that OXY will continue up in price until the earnings report on the 12th,47,"So $55 calls are stupid cheap since they expire on the 8th, you could get 500 for a $1000. I guess my question is could a move like this play out. Here is a screenshot of the delta and theata. If this is stupid feel free to tell me. I‚Äôm very regarded.",https://i.redd.it/thvys8t3ffzd1.jpeg,wallstreetbets,"I, OXY"
1glki13,Tesla YOLO. Still hodling with 400%+,11,"Got 7x 300c 11/15 day before the elections. Sold some and got 4x 350c 12/20. 

Let‚Äôs see 400 üò§",https://i.redd.it/ph4cqvxlefzd1.jpeg,wallstreetbets,YOLO
1glji0b,Can I do my own trading with a rollover IRA?,2,"I have a 401(k) from a previous employer, and I‚Äôve always been unhappy with its performance. Since I need to roll it over into a new account anyway, I‚Äôm curious about doing so in a way where I could do my own trading. If I rolled it over into a Roth IRA, would be able to trade on the stock market with it so long as I didn‚Äôt withdraw any before retirement age?

I was looking at Fidelity to do just this, but at first glance it looks like I have to choose one of their plans rather than do the investing myself.

I‚Äôm also sure that I could get all this answered with a phone call, but it‚Äôs late and  I‚Äôm curious right now so I thought I‚Äôd see if Reddit could help me.",https://www.reddit.com/r/investing/comments/1glji0b/can_i_do_my_own_trading_with_a_rollover_ira/,investing,"IRA, I"
1glj8vf,Tesla shares soar more than 14% as Trump win is seen boosting Elon Musk‚Äôs electric vehicle company,856,"‚ÄúShares of Tesla soared Wednesday as investors bet that the electric vehicle maker and its CEO Elon Musk will benefit from Donald Trump‚Äôs return to the White House.

Tesla stands to make significant gains under a Trump administration with the threat of diminished subsidies for alternative energy and electric vehicles doing the most harm to smaller competitors. Trump‚Äôs plans for extensive tariffs on Chinese imports make it less likely that Chinese EVs will be sold in bulk in the U.S. anytime soon.‚Äù

Source: https://apnews.com/article/tesla-stock-trump-election-b54454aaabd4cbe1e1e1c9754649b869",https://www.reddit.com/r/wallstreetbets/comments/1glj8vf/tesla_shares_soar_more_than_14_as_trump_win_is/,wallstreetbets,"CEO, S, U"
1glj1jt,My son is 25 yrs old and  has 9k to invest ,0,"My 25 year old son has a six month emergency fund and has 9k left to invest. Trying to encourage him to put his 6 month emergency in a HYSA, but not sure how to guide him on investing the 9k. Any suggestions? He doesn‚Äôt make much money, but he also pays a low rent. He may need to access this money at some point, so not quite ready to lock it into an IRA quite yet.So what would be a good investment other than an HYSA, to get him started and eager to want to invest more? ",https://www.reddit.com/r/investing/comments/1glj1jt/my_son_is_25_yrs_old_and_has_9k_to_invest/,investing,"IRA, HYSA"
1glizis,Lil circle recession big circle not,0,"I'm having a hard time figuring out why small circle was considered a recession but big circle wasn't.  Small circle is the last recession we've had, yet to me big circle looks like it caused the biggest financial damage.

Only real definition i can find says 'A recession is a significant decline in economic activity that lasts for more than a few months'

Big Circle was a steady decline for 9 whole months while our lil circle was only 2.  This is very confusing to me

I have zero fears of a recession at this moment in time this is purely just something I was looking into",https://i.redd.it/6qc6bkq3xezd1.jpeg,wallstreetbets,"I, A"
1glhqwj,Eventbrite yolo earnings,20,"Eventbrite YOLO earnings 

I‚Äôm bullish on the earnings, doing a big Yolo play with stocks and options, am I dumb? Will post losses tomorrow lmao
",https://i.redd.it/kcc2g5vbkezd1.jpeg,wallstreetbets,"I, YOLO"
1glhn5l,How fucked am I ? ,7,I have a bunch of $SMCI puts and the theta is about 0.31 for each so ima lose about 31*50= 1550 at market open. Do y‚Äôall think the stock will trend down tomorrow as the SSR is lifted and shorts can continue momentum to the downside ? Also how would you scale out of the position ? Sell tomorrow during morning / afternoon or wait till Friday ? Got about 4.2 k in this play and 7k on the sidelines rn. ,https://i.redd.it/iwq8zedajezd1.jpeg,wallstreetbets,"I, SMCI, SSR"
1glhgo9,Tips for beginners (in dollars),3,"Good evening everyone, I'll be brief here

I'm from Brazil and with the announcement of the election results in the US, our currency has depreciated more than it already was

In the coming years I will seek to protect my assets from Brazilian fiscal irresponsibility by buying and investing in dollars (even if it is a little costly for me because of the exchange rate)

I have an account with a Brazilian investment brokerage that allows me to access the American market and stock exchange and if I don't do it now, in about 2 years, it will be very difficult economically for us

In Brazil, I work in a restaurant and I manage to save money each month, which I use to invest in the Brazilian stock market and buy dollars at the same time (I don't only have my work as a source of income)

I would really like someone more experienced (especially if they are from the US) to help me on this journey

Thank you for reading this far",https://www.reddit.com/r/investing/comments/1glhgo9/tips_for_beginners_in_dollars/,investing,"US, I"
1glh6ue,Is FNMA already recapitalizing,9,"What an incredible day for this stock.  In looking at the financial report for FNMA released on Oct 31st it states that they have a net worth of $90.5B, does this mean that they are already starting to recapitalizing?  If this is already happening, then that would mean that they don't need to sell as many shares before being released of conservatorship.    7,000 shares of FNMA",https://www.reddit.com/r/wallstreetbets/comments/1glh6ue/is_fnma_already_recapitalizing/,wallstreetbets,FNMA
1glgzkk,Recommendations for Lower Risk Investment Strategies - Buffer Savings for Payroll for my Business,7,"So I've been a one-man show for a couple years. I bought the book of business for an IT consulting firm from a guy who was looking to retire. I got a great deal on it, and I've been steadily growing over the last couple of years. I'm at point where I'm needing to hire someone to handle most of the tech work while I spend more time selling. 

Based on average salaries in my area, I'd be running at about a $2400/mo deficit on payroll for the first year, and then $1400/mo the following year based on my current revenue. (My buyout will be finished in 12 months)

I've recently moved in with my girlfriend, and will be listing my current house at the end of this month. I should be able to get around $70k back after everything is said and done. 

Now, I know that I'll have to draw from this savings for a while, so I need some decent liquidity, but I also feel like, if invested properly, I could use that money to generate at least some return to try to maximize that payroll buffer. Based on my current rate of growth, I should be able to cover payroll within 12 months, but I'm fairly conservative and want to provide stable employment for my tech. 

I've searched around a bit, but I'm having a hard time finding a strategy that would maximize the benefits without totally screwing up the buffer I've managed to build over the last 5 years. 

Any thoughts? ",https://www.reddit.com/r/investing/comments/1glgzkk/recommendations_for_lower_risk_investment/,investing,"I, IT"
1glg4dr,Is $PINS Pinterest going to pull a $RDDT on tomorrow's earnings?,19,"Does anyone use Pinterest? What are girls actually doing on the site? There was a nice raise in website traffic the last 3 months (pic below) and current average monthly visits is sitting at 1.4B compared to 750M last earnings call. I would never have thought Pinterest has more monthly visits than reddit (1.1B). 

",https://www.reddit.com/r/wallstreetbets/comments/1glg4dr/is_pins_pinterest_going_to_pull_a_rddt_on/,wallstreetbets,"RDDT, I, PINS"
1glg2r1,Health stocks affected by likely appointee RFK Jr?,50,"So, RFK Jr has mentioned that Trump promised him to be in charge of the FDA / public health / etc. He's not officially announced yet, but do you think there are any stocks that might benefit from his likely policy of deregulation?",https://www.reddit.com/r/wallstreetbets/comments/1glg2r1/health_stocks_affected_by_likely_appointee_rfk_jr/,wallstreetbets,"FDA, RFK"
1glg1l7,Here we go,44,Decided to hop in PLTR for a shot to run and hopefully gains will hold until open. ,https://i.redd.it/vp0wwh9s3ezd1.jpeg,wallstreetbets,PLTR
1glfkgm,What is $RDDT‚Äôs bear case?,23,"What‚Äôs the $RDDT bear case?

Can you regards help me understand. 

RDDT has $21b cap at $1.2b in revenue with 70% growth. Assuming 15x multiple on their revenue, should be where it is at $18b, but they will be EoY 2025 $2.04b, EoY 2026 $3.46b in revenue on current track. 

Reddit is Yelp, it‚Äôs Craigslist/Facebook marketplace, it‚Äôs $PINS and more. It‚Äôs generally promoted as every search result on Google and it‚Äôs a place where nearly all of my circle uses it for conversation when attempting to find answers. You regards use it to light literally all your money on fire and advertisers are starting to do the same thing. 

Most users are in USA, so explosive growth is there for the taking outside of the USA. They haven‚Äôt totally monetized their ads model yet, and their paid search is on the way. They‚Äôre also driving more ads into threads. 

Because Reddit users follow their most important interests, and interact with them directly, it‚Äôs also one of the most targeted ways to serve ads. 

So why isn‚Äôt this company worth $51b or nearly $340/share in two years at a 15x?

Is the bear case really ‚Äúit‚Äôs a bot driven site‚Äù and share based compensation?

They also have untapped potential in training LLM models, 1 billion in organic search, etc. 

Position 500 shares at $44.",https://www.reddit.com/r/wallstreetbets/comments/1glfkgm/what_is_rddts_bear_case/,wallstreetbets,"USA, PINS, RDDT, LLM"
1glffjc,what happens for these big dips,14,"[https://imgur.com/a/7ZGKVkZ](https://imgur.com/a/7ZGKVkZ)

been seeing these dramatic dips(way more often than peaks) for different stocks recently, I assume some order was filled in that price/time, but when after seeing a few or them, it makes me wonder what's really going on there? 

I have heard of a way to make brides this way, but is this it? 

would be happy to get your takes, thanks :)",https://www.reddit.com/r/stocks/comments/1glffjc/what_happens_for_these_big_dips/,stocks,I
1glfc2d,"I was a Palanpoor, now I can buy all the crayons. ",479,"Original post: https://www.reddit.com/r/wallstreetbets/s/7E3jem0Jx3

Update of my original post with some gain porn.  Did the opposite of Cathy and now I'm in the green. There was a vision of Palantir, and it's now becoming reality.",https://i.redd.it/4qk2afidxdzd1.jpeg,wallstreetbets,I
1glf4c3,$QXO: The Brad Jacobs Freight Train You‚Äôre All Sleeping On,7,"Regards,

Listen up - here‚Äôs the deal on QXO. I‚Äôm not here to give you some penny stock pitch that‚Äôs gonna end with you crying to your bank. I‚Äôm talking Brad Jacobs‚Äîa name that actually commands respect in business. He took XPO from being small fry to a $15 billion freight monster, and now he‚Äôs back for another round. But let‚Äôs be real, if you‚Äôre looking for some pump-and-dump garbage, this ain‚Äôt for you.

The Big Picture: Owning a $1 Trillion Industry
Jacobs doesn‚Äôt mess around. He‚Äôs here to take over the building products distribution market, which is a trillion-dollar industry begging for a savior to come in and shake it up. When he took on XPO, the logistics industry was a hot mess of inefficiency and disarray. Fast-forward a decade, and XPO is a name every freight guy knows. Now he‚Äôs got his sights set on QXO, and this isn‚Äôt for some pocket change. This is a takeover.

$5 Billion Cash Stash and No Debt‚ÄîNo Chains Holding QXO Back
Unlike all those broke startups praying for investor mercy, QXO has $5 billion in cold, hard cash with zero debt. That‚Äôs right‚Äîno loans, no strings, no BS holding them back. They‚Äôre not out here begging for quarters; they‚Äôre ready to buy, expand, and roll out a carpet of domination.

Why does that matter? Because QXO doesn‚Äôt need to play games. They‚Äôre stacked with cash, ready to make moves that‚Äôll put smaller players in the rearview. Jacobs isn‚Äôt here to gamble; he‚Äôs here to grab the industry by the throat, and he‚Äôs got the war chest to do it.

The Kushner Factor ‚Äì Like It or Not
Here‚Äôs something juicy for the conspiracy theorists: Jared Kushner is on the board. Yeah, some of you might hate him, but this guy‚Äôs got connections up to his eyeballs. And those connections come with cash. His firm, Affinity Partners, dropped a fat $150 million into QXO. Don‚Äôt like it? Too bad. Kushner‚Äôs network isn‚Äôt here to make friends; it‚Äôs here to get things done, open doors, and give QXO a reach into corners you don‚Äôt even know exist.

When you‚Äôre trying to flip a trillion-dollar market on its head, having someone with global influence doesn‚Äôt hurt. Kushner might not be your buddy, but trust me, he‚Äôs good for business.

Jacobs‚Äô Legacy: The Guy Knows How to Print Money
Listen up, because this isn‚Äôt some snake oil show. Jacobs‚Äô track record is rock solid. This guy has pulled off business miracles before, and he doesn‚Äôt deal in hype‚Äîhe deals in results. When he took on XPO, he didn‚Äôt just win; he redefined the game. XPO is now a giant, and Jacobs is ready to do the same with QXO.

So, if you‚Äôre waiting for him to stumble, keep waiting. Jacobs‚Äô whole career has been about taking scrappy underdogs and turning them into business beasts. Now he‚Äôs taking everything he knows and throwing it into QXO. If you can‚Äôt see the potential, maybe stick to meme stocks.

The Stock Split Debacle ‚Äì Here‚Äôs What Actually Happened
Ah, the infamous 1-for-8 reverse split. Yeah, that was a bit of a ride, but let me break it down for you: this wasn‚Äôt some sneaky ‚Äúoh no, we‚Äôre failing‚Äù move. This was QXO setting itself up to be taken seriously by institutional investors. The split pushed the price up, making QXO look less like a penny stock and more like a heavyweight. But some of you lost your minds when it hit $235 on June 10th and the market cap skyrocketed to $90 billion. Did QXO magically become worth as much as Amazon overnight? No, don‚Äôt be dumb.

Here‚Äôs what went down: because of the share structure change, there were way fewer shares out there for the taking. The supply got tighter than a drum, so naturally, the price shot up, and platforms didn‚Äôt adjust fast enough. It was a hiccup. The market cap was basically a mirage, not a problem with the company. If you panicked, that‚Äôs on you, not QXO.

Since then, it‚Äôs settled down to a more reasonable $15.25 as of today. This isn‚Äôt volatility due to bad business. It‚Äôs due to mechanics. QXO still has the same cash pile, no debt, and Jacobs at the helm. If you got weak knees over a glitch in the system, you‚Äôre not cut out for this play.

QXO‚Äôs Under the Radar ‚Äì and Underpriced
Here‚Äôs the deal: the market‚Äôs napping on QXO. Despite the players on board, this stock is still low-key. People are too busy betting on whatever‚Äôs hyped that day. But if you can look past the nonsense, this is one of the most undervalued plays you‚Äôll find. Don‚Äôt believe me? Look at Trump‚Äôs election. QXO didn‚Äôt budge. No hype, no pump‚Äîit‚Äôs steady because it‚Äôs built for the long haul.

This isn‚Äôt a meme stock. It‚Äôs not chasing clout. It‚Äôs positioning for a colossal win that takes years, not days. If you don‚Äôt have the patience, keep walking.

For the Diamond Hands Only
If you‚Äôre here for a 3-day flip, leave now. QXO isn‚Äôt for the paper-handed. This is a stock for people who see the big picture, who understand that building value takes time. Brad Jacobs has done it before, and he‚Äôs doing it again. You want in? Then you‚Äôre here for the ride, no whining allowed. In a few years, QXO will be leading in building products, and the weak hands will be nowhere to be found.

So keep chasing those meme plays if that‚Äôs your thing, but for the real players‚Äîthe ones who see Jacobs‚Äô vision‚ÄîQXO is one of the few long-term buys that could actually make you rich.

Pos - 2200 shares at $13.59 DCA 

*Disclaimer: Not financial advice. Do your own research.",https://www.reddit.com/r/wallstreetbets/comments/1glf4c3/qxo_the_brad_jacobs_freight_train_youre_all/,wallstreetbets,"QXO, BS, I, XPO, DCA"
1glf2ce,Which is better: Bloomberg or MarketWatch orrrr something else?,4,"I've been inactive in my stock market investing for about 5 years as I focused on real estate investments and left my money in a smart portfolio, but want to turn back to actively managing my money a bit more.  I might be described as ""investor lite"" - I'm not doing anything too complex. 

I've always been a MarketWatch person - used to read it every morning with breakfast from about 2000 to 2018, so I'm used to the format and layout.  Should I subscribe to MarketWatch, which is currently coupled with a Barron's subscription, or subscribe to Bloomberg, or is there a good alternative option these days for general market news, looking up tickers, and reviewing analyst research, etc.?  Thanks.    ",https://www.reddit.com/r/investing/comments/1glf2ce/which_is_better_bloomberg_or_marketwatch_orrrr/,investing,I
1gletkq,What should I do with this PLTR leap? ,10,"I have this PLTR leap. Bought it for 9.00, transferee this position from Webull to TD. Thats why it says 0.00 for fill price. 

Should I exercise this or close out? ",https://i.redd.it/ekrou7zqsdzd1.jpeg,wallstreetbets,"I, PLTR, TD"
1glej65,Why this NVDA call 3/21/25 pricing?,0,Why are $214-216 NVDA calls significantly cheaper than $217-218?,https://i.redd.it/0zpk5497qdzd1.jpeg,wallstreetbets,NVDA
1gle3js,Boys I‚Äôm cooked‚Ä¶?,16,Iron condors expired in the money so I got assigned. Problem is‚Ä¶ dunno if I‚Äôm cooked. It should be fine. worst case Robinhood buys it for me and I sell at market. ,https://www.reddit.com/gallery/1gle3js,wallstreetbets,I
1gldzcc,Yolooo DJT,13,"I going cfd x5 short with 54k on DJT all in 
Lets see what‚Äôs happen at the market tomorrow",https://i.redd.it/032figvjldzd1.jpeg,wallstreetbets,"I, DJT"
1gldn4n,Election 2024 Play FNMA,11,"https://preview.redd.it/n8bskk4aidzd1.png?width=659&format=png&auto=webp&s=eae421e5783e8298660d8659b972b9243fef2c0b

I was told the best way to farm karma here is to post a win, hold, post the loss then call you guys regards. Am I doing this right regards?",https://www.reddit.com/r/wallstreetbets/comments/1gldn4n/election_2024_play_fnma/,wallstreetbets,"FNMA, I"
1gldil6,Please stop sleeping on this company earnings tm it made me rich asf this year and 10k just today ,0,"I was roughly 50/50 split between Nvidia and Nova but at market open today I dumped everything into nova. It‚Äôs a tiny company but all leading semiconductor designers and producers buy their metrology (micro measuring) machines from them. This company has a 5 billion cap and its customers include Nvidia, tsmc, amd, Broadcom, Qualcomm, and literally everyone else. Stop sleeping!!!! 5 billion cap with all leading industry customers!!! Insane growth potential!!!! This is what got me loaded. Easy 10-20% tomorrow after earnings. And rate cuts benefit small caps more. ",https://i.redd.it/tvzbpr1mhdzd1.jpeg,wallstreetbets,I
1glde14,Airline election bet (40k gain today) ,79,"Made bullish airline play 2 months ago and held into election. Bet paid off and woke up to 40k gain, call me greedy but I‚Äôm still holding right now. Have high conviction but after 6x ing my initial basis on DAL wondering if I should sell or double down?",https://i.redd.it/fh3i6trjgdzd1.jpeg,wallstreetbets,"DAL, I"
1gldduj,I was early and wrong so you don't have to be $COIN,24,"I went all in on Coinbase shortly after IPO in 2021 around $300/share, with a very loose thesis, ""I don't get it but probably it will keep going up""

Total investment around that time was $100k shares.

The stock fell, chopped, rebounded and then fell some more all the way to $35. During the long painful bear market my conviction in the company grew due to actually understanding the technology, it's potential, and Coinbase's strategy. I sold my shares and bought leap calls, (quite some time before the actual $35 bottom), I ended up closing a loss of $80k. I rolled into new leaps, bought the dip, and was locked in to the industry news. Every time I thought about walking away I just couldn't because ""the industry has never looked more promising than it does today"".

It would be easy not to notice if you weren't paying attention, but the rate at which products are shipping, and builder culture is growing is just incredible, and in large part thanks to the Coinbase team, especially Jessie, the founder of their etherium layer 2 Base. 

Anyway, come oct 2023, things are looking pretty bullish and it's smooth sailing for my portfolio from ~$20k low to $450k at the March top of this year. Incredible, but the blow off top wasn't ready. So I rode that all the way back down to $90k, rolling as necessary, and buying the dip. 

Well, now here we are following the Trump election, the most pro crypto Congress ever (250+ pro crypto candidates elected to the house and 16 to the Senate), Trump is going to remove Gensler, which you don't need the whole story but Gensler has been a major thorn in the side of the crypto industry. 

It's also been ~6 months since the Bitcoin halfing, which, if you believe the technical folks, they say is about the correct amount of time to start seeing a supply squeeze affect Bitcoin prices. We also just broke all time high on BTC, entering price discovery. 

Here is the most stupid simple trade of your life, and congratulations, you didn't have to trudge through the mud for 4 years like I did (I'm a moron). 

Coinbase historically tracks BTC  with 2-3x more reactivity (as a percentage), but in the past 6 months it has deviated, see attached image.
My hypothesis, is that Coinbase is going to play catch-up with BTC, with a short term exponential move (we saw the start of this today Coin up 30% vs BTC up 2%). Once Coinbase is back on parity, it should resume it's 2-3x outperformance on the rally.

BTC is going up, I have three rough targets for Feb 25:
Bear: $100k-120k, $400-600 COIN
Base: $120-150k, $600-800 COIN
Bull: $150-250k, $800-$1500 COIN

I'm an idiot, do what you want. 2nd image is my current position and 100% of my portfolio.",https://www.reddit.com/gallery/1gldduj,wallstreetbets,"BTC, I, IPO, COIN"
1glceac,Qualcomm pops on chipmaker's earnings and revenue beat,78,"Qualcomm reported fourth-quarter earnings on Wednesday that beat Wall Street expectations for earnings and revenue, and the company guided to a strong December quarter.

The shares rose 10% in extended trading at one point before falling to a gain of about 4%.

Here‚Äôs how the company did versus Refinitiv consensus expectations for the quarter ending Sept. 29:

Earnings per share: $2.69, adjusted $2.56 expected

Revenue: $10.24 billion versus $9.90 billion expected

Qualcomm said it expects revenue in the current quarter of between $10.5 billion and $11.3 billion, with the midpoint of that range beating LSEG consensus expectations of $10.59 billion.

The company reported $2.92 billion in net income, or $2.59 per share, a sharp jump from last year‚Äôs $1.49 billion, or $1.23 per share. Qualcomm reported $33.19 billion in total revenue in its fiscal 2024, a 9% increase from 2023.

Qualcomm‚Äôs fortunes have historically been tied to the smartphone industry, where the company provides a range of chips to handset makers, including system-on-a-chip processors, modems, and antennas. The company makes the chip at the heart of most high-end Android devices, and many lower-end phones as well. Qualcomm also sells modems and related chips to Apple for its iPhones, and last year said its contract for 5G chips ran through 2026.

Qualcomm reported a 12% increase in handset chip sales to $6.1 billion, in line with FactSet estimates. Qualcomm introduced its high-end chip for 2025, called Snapdragon 8 Elite, in October.

‚ÄúIn handsets we delivered greater than 20% year-over-year growth in Android revenues,‚Äù said Qualcomm CFO Akash Palkhiwala on a call with analysts.

Under CEO Cristiano Amon, the company has diversified away from being a smartphone supplier and has introduced and invested heavily in producing chips for PCs, cars, and industrial machines.

‚ÄúWe will continue to transform Qualcomm from a wireless communications company into a connected computing company for the age of AI,‚Äù Qualcomm CEO Cristiano Amon said on the earnings call with analysts.

Qualcomm has also made efforts to brand itself as a leader in AI, having developed smartphone chips with specialized parts for machine learning since 2017. But unlike Nvidia, the company doesn‚Äôt produce the kind of graphics processors for data centers that are used for big AI programs like OpenAI‚Äôs ChatGPT.

The automotive business grew 86% on an annual basis to $899 million in sales. Qualcomm says it has billions of dollars in business with automakers currently in its development pipeline, and highlighted it was the fifth consecutive quarter of growth. Qualcomm said that it expected automotive sales in the current quarter to rise 50% on an annual basis.

The company‚Äôs ‚Äúinternet of things‚Äù business includes both chips for industrial purposes as well as the chips Meta uses in its Quest handsets and Ray-Ban Smart Glasses. It also includes the new business selling chips for laptops running Microsoft Windows. The division reported $1.68 billion in revenue, a 22% increase from a year earlier.

Qualcomm‚Äôs chip business, including its handset, automotive, and other chips, which together is reported as QCT, saw sales rise 18% during the quarter to $7.37 billion in total. 

The company‚Äôs profitable technology licensing business, QTL, reported $1.52 billion in revenue, a 21% increase over the same period last year.

Qualcomm said its board had approved $15 billion in additional buybacks. During the fourth quarter, it repurchased $1.3 billion worth of shares and paid out $947 million in dividends.

Source: https://www.cnbc.com/2024/11/06/qualcomm-qcom-earnings-report-q3-2024.html",https://www.reddit.com/r/stocks/comments/1glceac/qualcomm_pops_on_chipmakers_earnings_and_revenue/,stocks,"LSEG, AI, CEO, QTL, CFO, QCT"
1glcbwb,Target date vs index fund for 401K ,4,"Hello! Can someone walk me through some of the pros/cons of keeping my 401K in 100% target date, vs splitting future contributions between target date and index fund such as FXAIX  (I would not likely change anything that's currently in target date, thinking 60/40 or 50/50 moving forward)

  My YTD returns for the target date is currently about 15%, I've seen as low at 7% and as high as 16% this year.   I also have a Roth IRA that includes primarily FXAIX and a couple other fidelity index funds (large cap, I believe).  The 401K is considerably larger than the IRA at this point though, since I did a couple rollovers with job changes.

I'm 20-25 years from retirement. All the online calculators I've run say I'm on track (including Fidelity and Vanguard), but I feel behind for my age -- barely have 1x my salary saved at 37 (started late from grad school, lots of jumps in income over the last few years). ",https://www.reddit.com/r/investing/comments/1glcbwb/target_date_vs_index_fund_for_401k/,investing,"IRA, FXAIX, YTD, I"
1glbyak,Short Tesla,0,"Tesla is almost worth 1 trillion dollars and has a P/E of 79 here's why you should short it:

**1. Results**

We all know the news but he wont come into office for another 3 months and who's to say he doesn't just ban electric vehicles all together. Remember when he said "", I could have said, ""drop to your knees and beg,"" and he would have done it..."" to Elon. 

**2. Tarriffs and EV Tax credits**

EV Tax credits are definitely going bye bye which is bullish for Tesla since now more companies are going to bleed money like crazy until you realize the only selling point of a Tesla is you get a 7500 dollar tax credit, now it will just be a 45k+ luxury vehicle for most people. 

**3. -40 BILLION DOLLARS**

With the new president all lawsuits on Elons 40 billion dollar payment is getting thrown out the window, Tesla will pay Elon Musk 40 billion dollars after a successful shareholder vote and with the new president taking control of the entire government. Who pays for the 40 billion dollars? Not china, shareholders do meaning the entire company is devalued by 40 billion dollars.

TLDR: Tesla is overpriced and people are overestimating how much the new president will help Tesla, honestly Tesla will most likely not benefit from this and Elons personal companies and his pockets will gain most of the benefits.",https://www.reddit.com/r/wallstreetbets/comments/1glbyak/short_tesla/,wallstreetbets,"TLDR, P, E, I, EV"
1glbdv9,Saving 6k over 6 months to purchase a new computer. Is it worth it to reduce saving time by buying gold bars?,0,"I have about 1k a month I can save and would like to reduce the timeline from 6 months if possible. Is it worth doing for such a short period of time while including the loss of selling the bars back? 

I was thinking of purchasing a 1/4 ounce every 15th till I have hit the 6k mark in value. (It will be in my T.F.S.A. just sitting there if not.) I want my meager amount to work instead of just sitting there. 

Not sure if this was the right thread to ask in but figured I would give it a go. See what you think as I'm a underpaid Horticulturist not a investor.

For the first time in my life I have the means to invest, I would like to do it right by being informed as possible.  Any advise at all would be outstanding, I appreciate you all!",https://www.reddit.com/r/investing/comments/1glbdv9/saving_6k_over_6_months_to_purchase_a_new/,investing,"T, A, F, I, S"
1glb5wt,Trump will make me rich,0,Trump sent a letter to Rand Paul in 2021 stating he plans to get them released from conservatorship. They now have the presidency and the Senate. Potentially the house. If they release the twins from conservatorship sky is the limit.,https://i.redd.it/1lst734myczd1.jpeg,wallstreetbets,
1glas3u,Can we discuss wtf happened to VIX today? Also it's already creeping back up ,36,,https://i.redd.it/apmyz4wkvczd1.png,wallstreetbets,VIX
1gl9v0a,PLTR - 2nd day ride,9,"
I bought PLTR (first time) at around $10, and sold shortly after. Then I rebought it at $16 (on average). I sold 2/3 of my position yesterday after earning spike. 
This morning I put a limit order in and it hit. This has been my long term target, but did not expected it to hit this quickly. Regardless, I‚Äôm grateful, and feeling slightly empty. Here to the next adventure. You ",https://www.reddit.com/gallery/1gl9v0a,wallstreetbets,"I, PLTR"
1gl9pae,"$450 ---> $6,150 in two days",109,25 SPY Day after election $588 calls bought the day before election.  Just had a feelin ü§∑‚Äç‚ôÇÔ∏èüôè,https://www.reddit.com/gallery/1gl9pae,wallstreetbets,SPY
1gl9p8m,Lyft beat earnings: yolo‚Äôd into earnings. Not this time AV overlords,60,"Been posting my piece about Lyft for awhile. Essentially it‚Äôll be years until AI is widely adopted and while that happens the rideshare market and use cases will expand. 

Everybody has been fear mongering about AVs taking over but here‚Äôs a reality check. People aren‚Äôt giving up their vehicles any time soon and these AVs cost too much to set up for them to spend millions on advertising for a new Lyft style app to generate demand. 

Just the beginning. ",https://www.reddit.com/gallery/1gl9p8m,wallstreetbets,"AV, AI"
1gl9i2e,E.l.f. shares soar as cosmetics retailer raises guidance after posting 40% sales gain,97,"E.l.f. Beauty raised its full-year guidance on Wednesday after posting a 40% growth in sales. 

Shares of the company rose nearly 20% in after-hours trading.

The cosmetics retailer‚Äôs earnings came in well ahead of expectations on the top and bottom lines and it now expects sales to be between $1.32 billion and $1.34 billion during fiscal 2025, ahead of the $1.30 billion analysts had expected, according to LSEG. 

Here‚Äôs how E.l.f. did in its second fiscal quarter compared with what Wall Street was anticipating, based on a survey of analysts by LSEG:

Earnings per share: 77 cents adjusted vs. 43 cents expected

Revenue: $301 million vs. $286 million expected

The company‚Äôs reported net income for the three-month period that ended Sept. 30 was $19 million, or 33 cents per share, compared with $33 million, or 58 cents per share, a year earlier. Excluding one-time items, E.l.f. saw earnings of $45 million, or 77 cents per share.  

Sales rose to $301 million, up about 40% from $216 million a year earlier. 

E.l.f. raised its full-year revenue guidance from a previous range of $1.28 billion to $1.3 billion and also raised its adjusted earnings guidance. The retailer is expecting adjusted earnings to be between $3.47 to $3.53 per share, up from a prior outlook of between $3.36 and $3.41 per share. Analysts had been looking for earnings guidance of $3.51, according to LSEG. 

The cosmetics company has been on a tear over the past couple of years thanks to its viral marketing and its prowess in winning over young shoppers with its value versions of prestige favorites. 

‚ÄúWe‚Äôre seeing multi-generational appeal on E.l.f. Not only are we the No. 1 brand amongst Gen Z by a pretty wide margin, but we‚Äôre also the most purchased brand amongst Gen Alpha and millennials,‚Äù CEO Tarang Amin said in an interview with CNBC. ‚ÄúWe‚Äôre picking up consumers in pretty much every age and income cohort, which is great to see, and I think just talks to the strength of our strategy and the quality of our products.‚Äù 

Amin said that success has led both Target and Walgreens to plan to expand the shelf space they allot for the retailer starting in the spring. 

During the quarter, E.l.f.‚Äôs selling, general and administrative costs rose by $74 million to $186.1 million, or 62% of net sales, but it still managed to post a 71% gross margin, an increase of 0.4 percentage points from the year-ago quarter. 

Tang attributed the increase in margin to favorable foreign exchange rates, previously enacted price increases internationally and its overall value proposition. 

‚ÄúOur ability to engineer prestige quality at these extraordinary prices has been the real driver, but most of our margin progress over the years has been through our innovation mix,‚Äù Amin said. ‚ÄúAs we introduce a new one of our holy grails, it gives us the opportunity to inch up margin a little bit while still offering an incredible value.‚Äù 

The company has also been building out its international sales, which now make up about 21% of overall revenue. 

Amin said its exposure to markets outside of the U.S. will help soften the blow from any tariff hikes that could come under President-elect Donald Trump.

Source: https://www.cnbc.com/2024/11/06/elf-beauty-elf-earnings-q2-2025.html",https://www.reddit.com/r/stocks/comments/1gl9i2e/elf_shares_soar_as_cosmetics_retailer_raises/,stocks,"LSEG, U, CNBC, CEO, E, I, S, Z"
1gl96c6,"Market Close November 6, 2024",2389,what a day! how much money did everyone make? do you think these gains hold leading into the end of the week? ,https://i.redd.it/ipuxf1fhjczd1.jpeg,wallstreetbets,
1gl8x2t,"What Are Your Moves Tomorrow, November 07, 2024",208,This post contains content not supported on old Reddit. [Click here to view the full post](https://sh.reddit.com/r/wallstreetbets/comments/1gl8x2t),https://www.reddit.com/r/wallstreetbets/comments/1gl8x2t/what_are_your_moves_tomorrow_november_07_2024/,wallstreetbets,
1gl8v8i,RSU rebalances - looking for experiences,0,"
Hey everyone- woke up and realized that the mad man may drive us all into ground, and it is better to rebalance my portfolio. I‚Äôve about 1.5 million in a single stock, that I received in RSU. 

I‚Äôm about 20 years from retirement and want to rebalance. How do one go about this? Sell the RSU, stay within the 15% capital gains bracket and convert to index funds? Any experiences?",https://www.reddit.com/r/investing/comments/1gl8v8i/rsu_rebalances_looking_for_experiences/,investing,"I, RSU"
1gl8upu,"5,868% Gains",262,"To the LLM mods, the pictures says everything that needs to be said. Thank god we have AI mods. Wouldn‚Äôt want all the dog shit posts to flood the platform‚Ä¶",https://i.redd.it/utgalsf2hczd1.jpeg,wallstreetbets,"AI, LLM"
1gl8app,PLTR golden number,96,Nice,https://i.redd.it/9wsi38vwcczd1.jpeg,wallstreetbets,PLTR
1gl89fx,SOFI YOLO ,13,Obviously wishing I made any weekly options play based off Trump winning election but we‚Äôre sticking with this long term play ,https://www.reddit.com/gallery/1gl89fx,wallstreetbets,"I, YOLO, SOFI"
1gl7wb3,BANG ! BANG ! $RKLB gainzzz,57,"Way downtown, started 2024 with $30K currently sitting on $158K. 

Diamond hands üíé  

$RKLB for lifezzz ",https://i.redd.it/268tqx4w9czd1.jpeg,wallstreetbets,"BANG, RKLB"
1gl7qqr,Another $TSLA election bet,48,I figured $TSLA calls would either go to the moon or turn into dust depending on who won.  Had some vibes Trump was going to  have a big win.   Sold all 40 right after this screenshot for $7.03 ,https://i.redd.it/bvw8hvro8czd1.jpeg,wallstreetbets,"TSLA, I"
1gl73x5,Private prison stocks booming in the wake of the election,8136,,https://i.redd.it/2etm57h34czd1.png,wallstreetbets,
1gl72q7,What to do instead of 401k?,17,"I am about to start a new job and my salary is going to increase dramatically... almost 100% increase. I have not been contributing to my 401k at my current firm becuase I have been trying to get out of credit card debt as fast as possible (I maxed a couple out to cover some expenses my last year of law school). 

Anyway, my credit cards will be paid off very quickly when I start the new job becuase of the salary increase but I will not be able to participate in the firm‚Äôs 401k for a year. I plan on maxing out my IRA during that year. My plan was to contribute about 1000-1200 a month towards my 401k. Now, I will contribute 500 to the IRA and leave the rest to... what? I'm not really sure what to do with it? Open to all advice, including, should I not even worry about the IRA and just dump the whole 1200 into something else?

The rest of my extra money will be going towards amassing a 30-40k dollar emergency savings, paying student loans (1600/mont) and a house down payment savings. 

I am open to any and all advice as I've never had this much money before and I got started in law late (late 30s) so I'm behind on savings, retirement, etc... I used all my previous retirement from my previous career to pay for my first year of law school's expenses. 

Appreciate any advice whether it was covered here or not. Thanks. ",https://www.reddit.com/r/investing/comments/1gl72q7/what_to_do_instead_of_401k/,investing,"IRA, I"
1gl71nb,Future of Big Pharma ETFs/Stocks??,43,"How do people feel about the future outlook of the Pharmaceutical industry now that Trump has been elected and RFK has sworn to take down Big Pharma? 

I‚Äôve been increasing my stake in PPH (up 8% YTD) since I believe the American population will slowly become completely dependent on the Pharma industry. Obesity at an all-time high and people resorting to medicine instead of diet/exercise, cheap processed foods and fast food sales increasing due to inflation making them more cost effective for average person, little to no FDA regulation and oversight, addictions to drugs/medicine, pushes for vaccination, etc. 

Will RFK completely reform or even kill the industry?  Or just a good idea to buy and hold for the next 4 years?",https://www.reddit.com/r/stocks/comments/1gl71nb/future_of_big_pharma_etfsstocks/,stocks,"RFK, FDA, I, YTD, PPH"
1gl6pm9,"Bonds, bitcoin, big tech together?",0,"I‚Äôve been at my job for over five years, and I had never even looked at my retirement account, but a few months back I started on a finances and economics learning kick (assisted by ChatGPT), and now I‚Äôm going to make my own choices on the portfolio via brokerage link

What are your critiques or comments on the following set up?

I am a male in my 30s with a moderate risk profile. Horizon of 20-25 years 

20% FNGBX (long-term treasuries)
15% FTIHX (international)
40% FSKAX (USA equities)
10% VGT (nasdaq 100 similar)
5% FBTC (bitcoin)

I keep looking at this and going is it normal for a fund to have both bonds and bitcoin?
Just one thing that stands out. 

Fortunately through work as long as I‚Äôm not making lots of changes back to back I am able to buy sell and trade without hardly any fees.

My plan would be to rebalance annually and if anything dips 5% above or below the value/ weights I have I have listed, then I would adjust 
",https://www.reddit.com/r/investing/comments/1gl6pm9/bonds_bitcoin_big_tech_together/,investing,"USA, FSKAX, FNGBX, I, FTIHX, FBTC, VGT"
1gl6lhm,"Thank you COIN, very cool üëçüèª",419,6 x $200C expiring 6/2025. Decided to purchase these in late September anticipating a bitcoin run up early next year. Looks like it's early! Sold half for a 200% gain. Still super bullish on crypto for the next 6 months,https://i.redd.it/9igd4dw80czd1.jpeg,wallstreetbets,COIN
1gl6kzl,SMCI has fucked me harder than the govt has. ,60,Tell me it‚Äôll be OK! I hope there‚Äôs some good news somewhere in this story. I don‚Äôt want it to go OTC or else what do I do then? Does anyone have positive news to share regarding SMCI? ,https://i.redd.it/b1nz9l050czd1.jpeg,wallstreetbets,"OTC, I, SMCI, OK"
1gl69j8,Trump win Bullish or Bearish for GOLD?,0,"Gold has had a pretty good rally up until recently. You think it'll keep going up and break ATH now that Trump won or will the pattern reverse?

Trump‚Äôs previous term did see significant fluctuations in gold prices, influenced by both his policies and larger market trends. Some analysts argue that Trump‚Äôs stance on fiscal policy, especially around trade and spending, could create an environment where gold thrives. If somehow there‚Äôs renewed uncertainty or if inflation concerns rise, gold could benefit from that risk-averse sentiment.

On the other hand, if he sticks to his word and stops the wars in Ukraine and the Middle East, then the new ""peaceful climate"" could cause gold prices to drop, as gold is seen as a safe haven asset that people flock to during economic and geopolitical turmoil.

The recent rally has been strong, and some traders are starting to worry about whether the price is sustainable. A correction wouldn‚Äôt be unusual, especially if markets start factoring in potential stability or if there‚Äôs a push toward riskier assets. Additionally, interest rates can play a huge role in gold prices. If there‚Äôs a shift toward higher rates, we might see downward pressure on gold as investors turn to interest-bearing assets.

At this point, it feels like a coin toss. The key factors to watch will be any policy announcements from Trump, how markets react in the coming months, and of course, global economic conditions.

What do you guys think? Is gold ready to hit a new ATH, or are we in for a pullback?",https://www.reddit.com/r/investing/comments/1gl69j8/trump_win_bullish_or_bearish_for_gold/,investing,"GOLD, A, ATH"
1gl5wim,"TSM, buy the dip baby",8,"Anyone else getting in on TSM?

Seems oversold, we are close to pre-earnings levels. Great profit margin around 40%, growing revenues, stable debt, and forward p/e around 21. Seems like a steal!

I get the onshoring trade, but lets get real, NVDA has been working with TSM for a very long time and their processes won't be replicated overnight. The standards for these chips are astronomical to get it right and NVDA has accelerated their manufacturing process with synopsys to speed up their progress.

I get the geopolitical risks as well, but isn't big boy T supposed to bring calm and comfort to the world (or so his supporters think).

Papa Elom also using NVDA chips and likely wants to protect the pipeline as TSM gradually creates new fabs in the USA. As long as they are making progress towards this goal, seems like a reasonable investment. Big boy and Elom wont let the pipeline get disrupted overnight, its too valuable and there would be huge repercussions for china I am sure.

Tarrifs likely to be paid by NVDA and hyperscalers but sure they will get a carve out and pay no tarrifs.",https://www.reddit.com/r/wallstreetbets/comments/1gl5wim/tsm_buy_the_dip_baby/,wallstreetbets,"USA, NVDA, T, I, TSM"
1gl5s3q,üöÄ Corsair Gaming - Ready for Lift Off üöÄ,0,"Hey, degenerates! It‚Äôs time to keep an eye on Corsair Gaming ($CRSR) ‚Äì the stock is almost scraping the bottom at near record lows, but things are heating up in the background. Here‚Äôs why Corsair might be our next rocket:

1. Fundamentals Are Turning Around üìà: Corsair‚Äôs core business has seen a lot of improvements, with demand stabilizing after the pandemic highs and lows. The company‚Äôs gaming peripherals and PC components are still flying off the shelves, and they‚Äôre expanding into new product categories. They‚Äôve streamlined operations, reduced overhead, and positioned themselves to be cash flow positive in the coming quarters.

2. Partnership with Call of Duty üéÆ: Corsair just locked in a partnership with Call of Duty, which brings them closer to the gaming community than ever. This move isn‚Äôt just a branding gimmick ‚Äì it‚Äôs a strategic alignment with one of the most iconic franchises in gaming, which could give Corsair a strong edge in the competitive esports and streaming markets. COD players and streamers are hardcore about their setups, and Corsair‚Äôs gear has a loyal following among them.

3. Strong Product Portfolio üíª: From high-performance gaming keyboards to streaming gear, Corsair has all the toys gamers want, and they keep innovating. Gaming and streaming aren‚Äôt just trends ‚Äì they‚Äôre part of the new way we live and entertain. Corsair is doubling down, which is exactly what we want to see in the long term.

TL;DR: Corsair Gaming is undervalued and primed for a turnaround, with a killer partnership with Call of Duty and solid fundamentals setting the stage for growth. Let‚Äôs push this thing to the moon! üíéü§≤üöÄ",https://www.reddit.com/r/wallstreetbets/comments/1gl5s3q/corsair_gaming_ready_for_lift_off/,wallstreetbets,"PC, TL, DR, COD, CRSR"
1gl5ir4,Earnings monkey see earnings monkey do ,5,All in for $NVMI earnings tomorrow. New memory customers added and earnings estimates have stayed the same. Will make a quick 10-20k. ,https://i.redd.it/hnilc92asbzd1.jpeg,wallstreetbets,NVMI
1gl5f29,ELI5: How can short-term bond funds continually go down over 5 years?,2,"I have my HSA with Fidelity, and I put it all into FUMBX since I just wanted to a safe stable place to keep my savings for health emergencies.

I know how bonds work: when interest rates go up, bond prices go down. But if you hold a bond to maturity, you always get the face value, assuming no default.

FUMBX has gone down consistently over the last 5 years. According to the FUMBX prospectus, all bonds are AAA-quality US notes that have never defaulted. And the average duration is <3 years. Less than 1% of the portfolio has a duration >5 years

I don't understand how a fund with a short duration can keep going down. FUMBX is passively managed, and all bonds are held to maturity. How can a bond with a 3-year duration have less value after 3 years?",https://www.reddit.com/r/investing/comments/1gl5f29/eli5_how_can_shortterm_bond_funds_continually_go/,investing,"US, HSA, AAA, I, FUMBX"
1gl5092,"Woke up to $240,000 election night gain on triple leveraged bank etf FAS. +17%. Jamie Dimon & Brian Moynihan are high fiving nude right now",1223,"[https://i.ibb.co/CWRGCsV/750aaa741874.jpg](https://i.ibb.co/CWRGCsV/750aaa741874.jpg)

[https://i.ibb.co/5hgCY6m/0028def1006a.jpg](https://i.ibb.co/5hgCY6m/0028def1006a.jpg)

Less regulation, lower capital requirements and more trading revenue. What could go wrong?",https://www.reddit.com/r/wallstreetbets/comments/1gl5092/woke_up_to_240000_election_night_gain_on_triple/,wallstreetbets,FAS
1gl4mf6,Bought more LEN: Lennar at these levels,0,"I just think this is an interest rate driven price dip which the interest rates themselves are driven by unwinding volatility. So I expect rates to center-line that is TLT somewhere around $95, and $LEN will rally off lows due to strong returns expected on homebuilding.

Higher rates == better for homebuilders so the fact that they went down with higher rates means that rates are probably expected to fall while homebuilders are expected to rally.",https://www.reddit.com/r/investing/comments/1gl4mf6/bought_more_len_lennar_at_these_levels/,investing,"TLT, I, LEN"
1gl4c3s,DOWN TO MY LAST $400,183,"The recovery begins now, all I can do is trade 0DTE QQQ options and pray",https://i.redd.it/uromcv5ijbzd1.jpeg,wallstreetbets,"QQQ, LAST, MY, TO, I, DOWN"
1gl4brb,What are your expectations for green/renewable energy stocks under a Trump presidency?,0,"I bought some FAN (wind) and TAN (solar) back in 2021, hopeful that energy stocks would do well because of growing environmental concerns and attempts to shift away from reliance on fossil fuels. Unfortunately, they‚Äôve not been doing well at all. FAN has dropped over 20% since I bought it, and TAN has dropped over 50%. They‚Äôre pretty much the only stocks I own that have given me a long term loss 

Woke up today to a Trump victory and both stocks dropping by over 5% despite the rest of the market rallying. I know in part that might be due to people selling yesterday in anticipation of a possible Trump victory (I know I was thinking of selling yesterday, but the market closed before I made a decision), but I‚Äôm curious what people think about the more long term performance of green energy stocks?

I‚Äôve been thinking of selling for a while, but so far I‚Äôve convinced myself that the stocks are probably going down now because of high initial production prices, but that they‚Äôll probably go up again in the future. However, I‚Äôm skeptical of them doing well under a Trump presidency, at least compared to a Harris presidency, considering how little priority Trump gives to environmental causes and renewable energy. Also the fact that a lot of solar panels come from China with high tariffs

Any thoughts on this?",https://www.reddit.com/r/investing/comments/1gl4brb/what_are_your_expectations_for_greenrenewable/,investing,"FAN, I, TAN"
1gl4aww,Gold/oz down as predicted.,0,"I have been timing the market for over 10 years. Elsewhere and earlier I predicted gold per ounce would go down, my thesis was that miners (GOLD:Barrick and NEM:Newmont) usually front run gold price. There can be multiple factors in figuring the price of a miner, oil and copper are usually the big externalities.

Copper price will make a mine more profitable, usually.  
Oil will add to cost.

I assessed a couple weeks ago that it was unlikely that oil cost would become excessive, having been much higher in the last year when gold was a lower price, and that copper is in a lull. I'm bullish both copper and oil.

Thus I concluded that gold miners were front running the gold price.

My target was the 20 weekly; we are only at the 50daily. But I think we will hit the 20 weekly in which case I'll start to buy gold miners or I'll buy gold outright.

  
Gold makes up about 68% of my portfolio; so I've been selling covered calls on GLD to finance holding the asset which is considered to have a ""negative yield"". I generate about 3% dividend yearly from this strategy buy-hold.

So Gold has historically been my ""buy forever"" from selling profits elsewhere. I think after this run though we will see a 10+ year gold bear market. This is due to the ""behavior of money"". Money behaves a certain way in money markets. Gold will top out somewhere near $4,000 est. and then it'll enter a long bear market. Gold has done this 3 times before since the early 1970s. So there's no reason to think it's not a mechanical reality in a delicate balance of interest rate parities, currency availability and liquidity globally.",https://www.reddit.com/r/investing/comments/1gl4aww/goldoz_down_as_predicted/,investing,"I, NEM, GOLD, GLD"
